ADDRESS_ID,ADDRESS,ADDRESS2,DISTRICT,CITY_ID,POSTAL_CODE,PHONE,LAST_UPDATE
1,47 MySakila Drive,NULL, ,300,NULL, ,2018-09-17 15:42:53 +0000
2,28 MySQL Boulevard,NULL, ,576,NULL, ,2018-09-17 15:42:54 +0000
3,23 Workhaven Lane,NULL, ,300,NULL, ,2018-09-17 15:42:55 +0000
4,1411 Lillydale Drive,NULL, ,576,NULL, ,2018-09-17 15:42:56 +0000
5,1913 Hanoi Way,NULL, ,463,35200, ,2018-09-17 15:42:57 +0000
6,1121 Loja Avenue,NULL, ,449,17886, ,2018-09-17 15:42:58 +0000
7,692 Joliet Street,NULL, ,38,83579, ,2018-09-17 15:42:59 +0000
8,1566 Inegl Manor,NULL, ,349,53561, ,2018-09-17 15:43:00 +0000
9,53 Idfu Parkway,NULL, ,361,42399, ,2018-09-17 15:43:00 +0000
10,1795 Santiago de Compostela Way,NULL, ,295,18743, ,2018-09-17 15:43:01 +0000
11,900 Santiago de Compostela Parkway,NULL, ,280,93896, ,2018-09-17 15:43:02 +0000
12,478 Joliet Way,NULL, ,200,77948, ,2018-09-17 15:43:03 +0000
13,613 Korolev Drive,NULL, ,329,45844, ,2018-09-17 15:43:04 +0000
14,1531 Sal Drive,NULL, ,162,53628, ,2018-09-17 15:43:05 +0000
15,1542 Tarlac Parkway,NULL, ,440,1027, ,2018-09-17 15:43:06 +0000
16,808 Bhopal Manor,NULL, ,582,10672, ,2018-09-17 15:43:07 +0000
17,270 Amroha Parkway,NULL, ,384,29610, ,2018-09-17 15:43:07 +0000
18,770 Bydgoszcz Avenue,NULL, ,120,16266, ,2018-09-17 15:43:08 +0000
19,419 Iligan Lane,NULL, ,76,72878, ,2018-09-17 15:43:09 +0000
20,360 Toulouse Parkway,NULL, ,495,54308, ,2018-09-17 15:43:10 +0000
21,270 Toulon Boulevard,NULL, ,156,81766, ,2018-09-17 15:43:11 +0000
22,320 Brest Avenue,NULL, ,252,43331, ,2018-09-17 15:43:12 +0000
23,1417 Lancaster Avenue,NULL, ,267,72192, ,2018-09-17 15:43:13 +0000
24,1688 Okara Way,NULL, ,327,21954, ,2018-09-17 15:43:14 +0000
25,262 A Corua (La Corua) Parkway,NULL, ,525,34418, ,2018-09-17 15:43:15 +0000
26,28 Charlotte Amalie Street,NULL, ,443,37551, ,2018-09-17 15:43:15 +0000
27,1780 Hino Boulevard,NULL, ,303,7716, ,2018-09-17 15:43:16 +0000
28,96 Tafuna Way,NULL, ,128,99865, ,2018-09-17 15:43:17 +0000
29,934 San Felipe de Puerto Plata Street,NULL, ,472,99780, ,2018-09-17 15:43:18 +0000
30,18 Duisburg Boulevard,NULL, ,121,58327, ,2018-09-17 15:43:19 +0000
31,217 Botshabelo Place,NULL, ,138,49521, ,2018-09-17 15:43:20 +0000
32,1425 Shikarpur Manor,NULL, ,346,65599, ,2018-09-17 15:43:21 +0000
33,786 Aurora Avenue,NULL, ,474,65750, ,2018-09-17 15:43:22 +0000
34,1668 Anpolis Street,NULL, ,316,50199, ,2018-09-17 15:43:22 +0000
35,33 Gorontalo Way,NULL, ,257,30348, ,2018-09-17 15:43:23 +0000
36,176 Mandaluyong Place,NULL, ,239,65213, ,2018-09-17 15:43:24 +0000
37,127 Purnea (Purnia) Manor,NULL, ,17,79388, ,2018-09-17 15:43:25 +0000
38,61 Tama Street,NULL, ,284,94065, ,2018-09-17 15:43:26 +0000
39,391 Callao Drive,NULL, ,544,34021, ,2018-09-17 15:43:27 +0000
40,334 Munger (Monghyr) Lane,NULL, ,31,38145, ,2018-09-17 15:43:28 +0000
41,1440 Fukuyama Loop,NULL, ,362,47929, ,2018-09-17 15:43:29 +0000
42,269 Cam Ranh Parkway,NULL, ,115,34689, ,2018-09-17 15:43:30 +0000
43,306 Antofagasta Place,NULL, ,569,3989, ,2018-09-17 15:43:31 +0000
44,671 Graz Street,NULL, ,353,94399, ,2018-09-17 15:43:32 +0000
45,42 Brindisi Place,NULL, ,586,16744, ,2018-09-17 15:43:33 +0000
46,1632 Bislig Avenue,NULL, ,394,61117, ,2018-09-17 15:43:34 +0000
47,1447 Imus Way,NULL, ,167,48942, ,2018-09-17 15:43:35 +0000
48,1998 Halifax Drive,NULL, ,308,76022, ,2018-09-17 15:43:36 +0000
49,1718 Valencia Street,NULL, ,27,37359, ,2018-09-17 15:43:37 +0000
50,46 Pjatigorsk Lane,NULL, ,343,23616, ,2018-09-17 15:43:38 +0000
51,686 Garland Manor,NULL, ,247,52535, ,2018-09-17 15:43:39 +0000
52,909 Garland Manor,NULL, ,367,69367, ,2018-09-17 15:43:39 +0000
53,725 Isesaki Place,NULL, ,237,74428, ,2018-09-17 15:43:40 +0000
54,115 Hidalgo Parkway,NULL, ,379,80168, ,2018-09-17 15:43:41 +0000
55,1135 Izumisano Parkway,NULL, ,171,48150, ,2018-09-17 15:43:42 +0000
56,939 Probolinggo Loop,NULL, ,1,4166, ,2018-09-17 15:43:43 +0000
57,17 Kabul Boulevard,NULL, ,355,38594, ,2018-09-17 15:43:44 +0000
58,1964 Allappuzha (Alleppey) Street,NULL, ,227,48980, ,2018-09-17 15:43:45 +0000
59,1697 Kowloon and New Kowloon Loop,NULL, ,49,57807, ,2018-09-17 15:43:46 +0000
60,1668 Saint Louis Place,NULL, ,397,39072, ,2018-09-17 15:43:46 +0000
61,943 Tokat Street,NULL, ,560,45428, ,2018-09-17 15:43:47 +0000
62,1114 Liepaja Street,NULL, ,282,69226, ,2018-09-17 15:43:48 +0000
63,1213 Ranchi Parkway,NULL, ,350,94352, ,2018-09-17 15:43:49 +0000
64,81 Hodeida Way,NULL, ,231,55561, ,2018-09-17 15:43:50 +0000
65,915 Ponce Place,NULL, ,56,83980, ,2018-09-17 15:43:51 +0000
66,1717 Guadalajara Lane,NULL, ,441,85505, ,2018-09-17 15:43:52 +0000
67,1214 Hanoi Way,NULL, ,306,67055, ,2018-09-17 15:43:53 +0000
68,1966 Amroha Avenue,NULL, ,139,70385, ,2018-09-17 15:43:53 +0000
69,698 Otsu Street,NULL, ,105,71110, ,2018-09-17 15:43:54 +0000
70,1150 Kimchon Manor,NULL, ,321,96109, ,2018-09-17 15:43:55 +0000
71,1586 Guaruj Place,NULL, ,579,5135, ,2018-09-17 15:43:56 +0000
72,57 Arlington Manor,NULL, ,475,48960, ,2018-09-17 15:43:57 +0000
73,1031 Daugavpils Parkway,NULL, ,63,59025, ,2018-09-17 15:43:58 +0000
74,1124 Buenaventura Drive,NULL, ,13,6856, ,2018-09-17 15:43:59 +0000
75,492 Cam Ranh Street,NULL, ,61,50805, ,2018-09-17 15:44:00 +0000
76,89 Allappuzha (Alleppey) Manor,NULL, ,517,75444, ,2018-09-17 15:44:00 +0000
77,1947 Poos de Caldas Boulevard,NULL, ,114,60951, ,2018-09-17 15:44:01 +0000
78,1206 Dos Quebradas Place,NULL, ,431,20207, ,2018-09-17 15:44:02 +0000
79,1551 Rampur Lane,NULL, ,108,72394, ,2018-09-17 15:44:03 +0000
80,602 Paarl Street,NULL, ,402,98889, ,2018-09-17 15:44:04 +0000
81,1692 Ede Loop,NULL, ,30,9223, ,2018-09-17 15:44:05 +0000
82,936 Salzburg Lane,NULL, ,425,96709, ,2018-09-17 15:44:06 +0000
83,586 Tete Way,NULL, ,256,1079, ,2018-09-17 15:44:07 +0000
84,1888 Kabul Drive,NULL, ,217,20936, ,2018-09-17 15:44:07 +0000
85,320 Baiyin Parkway,NULL, ,319,37307, ,2018-09-17 15:44:08 +0000
86,927 Baha Blanca Parkway,NULL, ,479,9495, ,2018-09-17 15:44:09 +0000
87,929 Tallahassee Loop,NULL, ,497,74671, ,2018-09-17 15:44:10 +0000
88,125 Citt del Vaticano Boulevard,NULL, ,40,67912, ,2018-09-17 15:44:11 +0000
89,1557 Ktahya Boulevard,NULL, ,88,88002, ,2018-09-17 15:44:12 +0000
90,870 Ashqelon Loop,NULL, ,489,84931, ,2018-09-17 15:44:13 +0000
91,1740 Portoviejo Avenue,NULL, ,480,29932, ,2018-09-17 15:44:14 +0000
92,1942 Ciparay Parkway,NULL, ,113,82624, ,2018-09-17 15:44:14 +0000
93,1926 El Alto Avenue,NULL, ,289,75543, ,2018-09-17 15:44:15 +0000
94,1952 Chatsworth Drive,NULL, ,332,25958, ,2018-09-17 15:44:16 +0000
95,1370 Le Mans Avenue,NULL, ,53,52163, ,2018-09-17 15:44:17 +0000
96,984 Effon-Alaiye Avenue,NULL, ,183,17119, ,2018-09-17 15:44:18 +0000
97,832 Nakhon Sawan Manor,NULL, ,592,49021, ,2018-09-17 15:44:19 +0000
98,152 Kitwe Parkway,NULL, ,82,53182, ,2018-09-17 15:44:20 +0000
99,1697 Tanauan Lane,NULL, ,399,22870, ,2018-09-17 15:44:21 +0000
100,1308 Arecibo Way,NULL, ,41,30695, ,2018-09-17 15:44:21 +0000
101,1599 Plock Drive,NULL, ,534,71986, ,2018-09-17 15:44:22 +0000
102,669 Firozabad Loop,NULL, ,12,92265, ,2018-09-17 15:44:23 +0000
103,588 Vila Velha Manor,NULL, ,268,51540, ,2018-09-17 15:44:24 +0000
104,1913 Kamakura Place,NULL, ,238,97287, ,2018-09-17 15:44:25 +0000
105,733 Mandaluyong Place,NULL, ,2,77459, ,2018-09-17 15:44:26 +0000
106,659 Vaduz Drive,NULL, ,34,49708, ,2018-09-17 15:44:27 +0000
107,1177 Jelets Way,NULL, ,220,3305, ,2018-09-17 15:44:28 +0000
108,1386 Yangor Avenue,NULL, ,543,80720, ,2018-09-17 15:44:28 +0000
109,454 Nakhon Sawan Boulevard,NULL, ,173,76383, ,2018-09-17 15:44:29 +0000
110,1867 San Juan Bautista Tuxtepec Avenue,NULL, ,225,78311, ,2018-09-17 15:44:30 +0000
111,1532 Dzerzinsk Way,NULL, ,334,9599, ,2018-09-17 15:44:31 +0000
112,1002 Ahmadnagar Manor,NULL, ,213,93026, ,2018-09-17 15:44:32 +0000
113,682 Junan Way,NULL, ,273,30418, ,2018-09-17 15:44:33 +0000
114,804 Elista Drive,NULL, ,159,61069, ,2018-09-17 15:44:34 +0000
115,1378 Alvorada Avenue,NULL, ,102,75834, ,2018-09-17 15:44:35 +0000
116,793 Cam Ranh Avenue,NULL, ,292,87057, ,2018-09-17 15:44:35 +0000
117,1079 Tel Aviv-Jaffa Boulevard,NULL, ,132,10885, ,2018-09-17 15:44:36 +0000
118,442 Rae Bareli Place,NULL, ,148,24321, ,2018-09-17 15:44:37 +0000
119,1107 Nakhon Sawan Avenue,NULL, ,365,75149, ,2018-09-17 15:44:38 +0000
120,544 Malm Parkway,NULL, ,403,63502, ,2018-09-17 15:44:39 +0000
121,1967 Sincelejo Place,NULL, ,176,73644, ,2018-09-17 15:44:40 +0000
122,333 Goinia Way,NULL, ,185,78625, ,2018-09-17 15:44:41 +0000
123,1987 Coacalco de Berriozbal Loop,NULL, ,476,96065, ,2018-09-17 15:44:42 +0000
124,241 Mosul Lane,NULL, ,147,76157, ,2018-09-17 15:44:42 +0000
125,211 Chiayi Drive,NULL, ,164,58186, ,2018-09-17 15:44:43 +0000
126,1175 Tanauan Way,NULL, ,305,64615, ,2018-09-17 15:44:44 +0000
127,117 Boa Vista Way,NULL, ,566,6804, ,2018-09-17 15:44:45 +0000
128,848 Tafuna Manor,NULL, ,281,45142, ,2018-09-17 15:44:46 +0000
129,569 Baicheng Lane,NULL, ,85,60304, ,2018-09-17 15:44:47 +0000
130,1666 Qomsheh Drive,NULL, ,410,66255, ,2018-09-17 15:44:48 +0000
131,801 Hagonoy Drive,NULL, ,484,8439, ,2018-09-17 15:44:49 +0000
132,1050 Garden Grove Avenue,NULL, ,236,4999, ,2018-09-17 15:44:49 +0000
133,1854 Tieli Street,NULL, ,302,15819, ,2018-09-17 15:44:50 +0000
134,758 Junan Lane,NULL, ,190,82639, ,2018-09-17 15:44:51 +0000
135,1752 So Leopoldo Parkway,NULL, ,345,14014, ,2018-09-17 15:44:52 +0000
136,898 Belm Manor,NULL, ,87,49757, ,2018-09-17 15:44:53 +0000
137,261 Saint Louis Way,NULL, ,541,83401, ,2018-09-17 15:44:54 +0000
138,765 Southampton Drive,NULL, ,421,4285, ,2018-09-17 15:44:55 +0000
139,943 Johannesburg Avenue,NULL, ,417,5892, ,2018-09-17 15:44:56 +0000
140,788 Atinsk Street,NULL, ,211,81691, ,2018-09-17 15:44:57 +0000
141,1749 Daxian Place,NULL, ,29,11044, ,2018-09-17 15:44:57 +0000
142,1587 Sullana Lane,NULL, ,207,85769, ,2018-09-17 15:44:58 +0000
282,556 Baybay Manor,NULL, ,374,55802, ,2018-09-17 15:47:03 +0000
283,457 Tongliao Loop,NULL, ,222,56254, ,2018-09-17 15:47:04 +0000
284,600 Bradford Street,NULL, ,514,96204, ,2018-09-17 15:47:05 +0000
285,1006 Santa Brbara dOeste Manor,NULL, ,389,36229, ,2018-09-17 15:47:05 +0000
286,1308 Sumy Loop,NULL, ,175,30657, ,2018-09-17 15:47:06 +0000
287,1405 Chisinau Place,NULL, ,411,8160, ,2018-09-17 15:47:07 +0000
288,226 Halifax Street,NULL, ,277,58492, ,2018-09-17 15:47:08 +0000
289,1279 Udine Parkway,NULL, ,69,75860, ,2018-09-17 15:47:09 +0000
290,1336 Benin City Drive,NULL, ,386,46044, ,2018-09-17 15:47:10 +0000
291,1155 Liaocheng Place,NULL, ,152,22650, ,2018-09-17 15:47:11 +0000
292,1993 Tabuk Lane,NULL, ,522,64221, ,2018-09-17 15:47:12 +0000
293,86 Higashiosaka Lane,NULL, ,563,33768, ,2018-09-17 15:47:12 +0000
294,1912 Allende Manor,NULL, ,279,58124, ,2018-09-17 15:47:14 +0000
295,544 Tarsus Boulevard,NULL, ,562,53145, ,2018-09-17 15:47:14 +0000
296,1936 Cuman Avenue,NULL, ,433,61195, ,2018-09-17 15:47:15 +0000
297,1192 Tongliao Street,NULL, ,470,19065, ,2018-09-17 15:47:16 +0000
298,44 Najafabad Way,NULL, ,146,61391, ,2018-09-17 15:47:17 +0000
299,32 Pudukkottai Lane,NULL, ,140,38834, ,2018-09-17 15:47:18 +0000
300,661 Chisinau Lane,NULL, ,274,8856, ,2018-09-17 15:47:19 +0000
301,951 Stara Zagora Manor,NULL, ,400,98573, ,2018-09-17 15:47:20 +0000
302,922 Vila Velha Loop,NULL, ,9,4085, ,2018-09-17 15:47:21 +0000
303,898 Jining Lane,NULL, ,387,40070, ,2018-09-17 15:47:21 +0000
304,1635 Kuwana Boulevard,NULL, ,205,52137, ,2018-09-17 15:47:22 +0000
305,41 El Alto Parkway,NULL, ,398,56883, ,2018-09-17 15:47:23 +0000
306,1883 Maikop Lane,NULL, ,254,68469, ,2018-09-17 15:47:24 +0000
307,1908 Gaziantep Place,NULL, ,536,58979, ,2018-09-17 15:47:25 +0000
308,687 Alessandria Parkway,NULL, ,455,57587, ,2018-09-17 15:47:26 +0000
309,827 Yuncheng Drive,NULL, ,99,79047, ,2018-09-17 15:47:27 +0000
310,913 Coacalco de Berriozbal Loop,NULL, ,33,42141, ,2018-09-17 15:47:28 +0000
311,715 So Bernardo do Campo Lane,NULL, ,507,84804, ,2018-09-17 15:47:28 +0000
312,1354 Siegen Street,NULL, ,25,80184, ,2018-09-17 15:47:29 +0000
313,1191 Sungai Petani Boulevard,NULL, ,262,9668, ,2018-09-17 15:47:30 +0000
314,1224 Huejutla de Reyes Boulevard,NULL, ,91,70923, ,2018-09-17 15:47:31 +0000
315,543 Bergamo Avenue,NULL, ,215,59686, ,2018-09-17 15:47:32 +0000
316,746 Joliet Lane,NULL, ,286,94878, ,2018-09-17 15:47:33 +0000
317,780 Kimberley Way,NULL, ,515,17032, ,2018-09-17 15:47:34 +0000
318,1774 Yaound Place,NULL, ,166,91400, ,2018-09-17 15:47:35 +0000
319,1957 Yantai Lane,NULL, ,490,59255, ,2018-09-17 15:47:35 +0000
320,1542 Lubumbashi Boulevard,NULL, ,57,62472, ,2018-09-17 15:47:36 +0000
321,651 Pathankot Loop,NULL, ,336,59811, ,2018-09-17 15:47:37 +0000
322,1359 Zhoushan Parkway,NULL, ,545,29763, ,2018-09-17 15:47:38 +0000
323,1769 Iwaki Lane,NULL, ,97,25787, ,2018-09-17 15:47:39 +0000
324,1145 Vilnius Manor,NULL, ,451,73170, ,2018-09-17 15:47:40 +0000
325,1892 Nabereznyje Telny Lane,NULL, ,516,28396, ,2018-09-17 15:47:41 +0000
326,470 Boksburg Street,NULL, ,81,97960, ,2018-09-17 15:47:42 +0000
327,1427 A Corua (La Corua) Place,NULL, ,45,85799, ,2018-09-17 15:47:43 +0000
328,479 San Felipe del Progreso Avenue,NULL, ,130,54949, ,2018-09-17 15:47:43 +0000
329,867 Benin City Avenue,NULL, ,591,78543, ,2018-09-17 15:47:44 +0000
330,981 Kumbakonam Place,NULL, ,89,87611, ,2018-09-17 15:47:45 +0000
331,1016 Iwakuni Street,NULL, ,269,49833, ,2018-09-17 15:47:46 +0000
332,663 Baha Blanca Parkway,NULL, ,5,33463, ,2018-09-17 15:47:47 +0000
333,1860 Taguig Loop,NULL, ,119,59550, ,2018-09-17 15:47:48 +0000
334,1816 Bydgoszcz Loop,NULL, ,234,64308, ,2018-09-17 15:47:49 +0000
335,587 Benguela Manor,NULL, ,42,91590, ,2018-09-17 15:47:50 +0000
336,430 Kumbakonam Drive,NULL, ,457,28814, ,2018-09-17 15:47:50 +0000
337,1838 Tabriz Lane,NULL, ,143,1195, ,2018-09-17 15:47:51 +0000
338,431 Szkesfehrvr Avenue,NULL, ,48,57828, ,2018-09-17 15:47:52 +0000
339,503 Sogamoso Loop,NULL, ,505,49812, ,2018-09-17 15:47:53 +0000
340,507 Smolensk Loop,NULL, ,492,22971, ,2018-09-17 15:47:54 +0000
341,1920 Weifang Avenue,NULL, ,427,15643, ,2018-09-17 15:47:55 +0000
342,124 al-Manama Way,NULL, ,382,52368, ,2018-09-17 15:47:56 +0000
343,1443 Mardan Street,NULL, ,392,31483, ,2018-09-17 15:47:57 +0000
344,1909 Benguela Lane,NULL, ,581,19913, ,2018-09-17 15:47:57 +0000
345,68 Ponce Parkway,NULL, ,201,85926, ,2018-09-17 15:47:58 +0000
346,1217 Konotop Avenue,NULL, ,151,504, ,2018-09-17 15:47:59 +0000
347,1293 Nam Dinh Way,NULL, ,84,71583, ,2018-09-17 15:48:00 +0000
348,785 Vaduz Street,NULL, ,335,36170, ,2018-09-17 15:48:01 +0000
349,1516 Escobar Drive,NULL, ,370,46069, ,2018-09-17 15:48:02 +0000
350,1628 Nagareyama Lane,NULL, ,453,60079, ,2018-09-17 15:48:03 +0000
351,1157 Nyeri Loop,NULL, ,320,56380, ,2018-09-17 15:48:04 +0000
352,1673 Tangail Drive,NULL, ,137,26857, ,2018-09-17 15:48:04 +0000
353,381 Kabul Way,NULL, ,209,87272, ,2018-09-17 15:48:05 +0000
354,953 Hodeida Street,NULL, ,221,18841, ,2018-09-17 15:48:06 +0000
355,469 Nakhon Sawan Street,NULL, ,531,58866, ,2018-09-17 15:48:07 +0000
356,1378 Beira Loop,NULL, ,597,40792, ,2018-09-17 15:48:08 +0000
357,1641 Changhwa Place,NULL, ,52,37636, ,2018-09-17 15:48:09 +0000
358,1698 Southport Loop,NULL, ,393,49009, ,2018-09-17 15:48:10 +0000
359,519 Nyeri Manor,NULL, ,461,37650, ,2018-09-17 15:48:11 +0000
360,619 Hunuco Avenue,NULL, ,331,81508, ,2018-09-17 15:48:12 +0000
361,45 Aparecida de Goinia Place,NULL, ,464,7431, ,2018-09-17 15:48:12 +0000
362,482 Kowloon and New Kowloon Manor,NULL, ,90,97056, ,2018-09-17 15:48:13 +0000
363,604 Bern Place,NULL, ,429,5373, ,2018-09-17 15:48:14 +0000
364,1623 Kingstown Drive,NULL, ,20,91299, ,2018-09-17 15:48:15 +0000
365,1009 Zanzibar Lane,NULL, ,32,64875, ,2018-09-17 15:48:16 +0000
366,114 Jalib al-Shuyukh Manor,NULL, ,585,60440, ,2018-09-17 15:48:17 +0000
367,1163 London Parkway,NULL, ,66,6066, ,2018-09-17 15:48:18 +0000
368,1658 Jastrzebie-Zdrj Loop,NULL, ,372,96584, ,2018-09-17 15:48:19 +0000
369,817 Laredo Avenue,NULL, ,188,77449, ,2018-09-17 15:48:19 +0000
370,1565 Tangail Manor,NULL, ,377,45750, ,2018-09-17 15:48:20 +0000
371,1912 Emeishan Drive,NULL, ,50,33050, ,2018-09-17 15:48:21 +0000
372,230 Urawa Drive,NULL, ,8,2738, ,2018-09-17 15:48:22 +0000
373,1922 Miraj Way,NULL, ,356,13203, ,2018-09-17 15:48:23 +0000
374,433 Florencia Street,NULL, ,250,91330, ,2018-09-17 15:48:24 +0000
375,1049 Matamoros Parkway,NULL, ,191,69640, ,2018-09-17 15:48:25 +0000
376,1061 Ede Avenue,NULL, ,98,57810, ,2018-09-17 15:48:26 +0000
377,154 Oshawa Manor,NULL, ,415,72771, ,2018-09-17 15:48:26 +0000
378,1191 Tandil Drive,NULL, ,523,6362, ,2018-09-17 15:48:27 +0000
379,1133 Rizhao Avenue,NULL, ,572,2800, ,2018-09-17 15:48:28 +0000
380,1519 Santiago de los Caballeros Loop,NULL, ,348,22025, ,2018-09-17 15:48:29 +0000
381,1618 Olomouc Manor,NULL, ,285,26385, ,2018-09-17 15:48:30 +0000
382,220 Hidalgo Drive,NULL, ,265,45298, ,2018-09-17 15:48:31 +0000
383,686 Donostia-San Sebastin Lane,NULL, ,471,97390, ,2018-09-17 15:48:32 +0000
384,97 Mogiljov Lane,NULL, ,73,89294, ,2018-09-17 15:48:33 +0000
385,1642 Charlotte Amalie Drive,NULL, ,549,75442, ,2018-09-17 15:48:33 +0000
386,1368 Maracabo Boulevard,NULL, ,493,32716, ,2018-09-17 15:48:34 +0000
387,401 Sucre Boulevard,NULL, ,322,25007, ,2018-09-17 15:48:35 +0000
388,368 Hunuco Boulevard,NULL, ,360,17165, ,2018-09-17 15:48:36 +0000
389,500 Lincoln Parkway,NULL, ,210,95509, ,2018-09-17 15:48:37 +0000
390,102 Chapra Drive,NULL, ,521,14073, ,2018-09-17 15:48:38 +0000
391,1793 Meixian Place,NULL, ,258,33535, ,2018-09-17 15:48:39 +0000
392,514 Ife Way,NULL, ,315,69973, ,2018-09-17 15:48:40 +0000
393,717 Changzhou Lane,NULL, ,104,21615, ,2018-09-17 15:48:40 +0000
394,753 Ilorin Avenue,NULL, ,157,3656, ,2018-09-17 15:48:41 +0000
395,1337 Mit Ghamr Avenue,NULL, ,358,29810, ,2018-09-17 15:48:42 +0000
396,767 Pyongyang Drive,NULL, ,229,83536, ,2018-09-17 15:48:43 +0000
397,614 Pak Kret Street,NULL, ,6,27796, ,2018-09-17 15:48:44 +0000
398,954 Lapu-Lapu Way,NULL, ,278,8816, ,2018-09-17 15:48:45 +0000
399,331 Bydgoszcz Parkway,NULL, ,181,966, ,2018-09-17 15:48:46 +0000
400,1152 Citrus Heights Manor,NULL, ,15,5239, ,2018-09-17 15:48:47 +0000
401,168 Cianjur Manor,NULL, ,228,73824, ,2018-09-17 15:48:47 +0000
402,616 Hagonoy Avenue,NULL, ,39,46043, ,2018-09-17 15:48:48 +0000
403,1190 0 Place,NULL, ,44,10417, ,2018-09-17 15:48:49 +0000
404,734 Bchar Place,NULL, ,375,30586, ,2018-09-17 15:48:50 +0000
405,530 Lausanne Lane,NULL, ,135,11067, ,2018-09-17 15:48:51 +0000
406,454 Patiala Lane,NULL, ,276,13496, ,2018-09-17 15:48:52 +0000
407,1346 Mysore Drive,NULL, ,92,61507, ,2018-09-17 15:48:53 +0000
408,990 Etawah Loop,NULL, ,564,79940, ,2018-09-17 15:48:54 +0000
409,1266 Laredo Parkway,NULL, ,380,7664, ,2018-09-17 15:48:54 +0000
410,88 Nagaon Manor,NULL, ,524,86868, ,2018-09-17 15:48:55 +0000
411,264 Bhimavaram Manor,NULL, ,111,54749, ,2018-09-17 15:48:56 +0000
412,1639 Saarbrcken Drive,NULL, ,437,9827, ,2018-09-17 15:48:57 +0000
413,692 Amroha Drive,NULL, ,230,35575, ,2018-09-17 15:48:58 +0000
414,1936 Lapu-Lapu Parkway,NULL, ,141,7122, ,2018-09-17 15:48:59 +0000
415,432 Garden Grove Street,NULL, ,430,65630, ,2018-09-17 15:49:00 +0000
416,1445 Carmen Parkway,NULL, ,117,70809, ,2018-09-17 15:49:01 +0000
417,791 Salinas Street,NULL, ,208,40509, ,2018-09-17 15:49:01 +0000
418,126 Acua Parkway,NULL, ,71,58888, ,2018-09-17 15:49:02 +0000
419,397 Sunnyvale Avenue,NULL, ,19,55566, ,2018-09-17 15:49:03 +0000
420,992 Klerksdorp Loop,NULL, ,23,33711, ,2018-09-17 15:49:04 +0000
421,966 Arecibo Loop,NULL, ,134,94018, ,2018-09-17 15:49:05 +0000
422,289 Santo Andr Manor,NULL, ,16,72410, ,2018-09-17 15:49:06 +0000
423,437 Chungho Drive,NULL, ,450,59489, ,2018-09-17 15:49:07 +0000
424,1948 Bayugan Parkway,NULL, ,264,60622, ,2018-09-17 15:49:08 +0000
425,1866 al-Qatif Avenue,NULL, ,155,89420, ,2018-09-17 15:49:08 +0000
426,1661 Abha Drive,NULL, ,416,14400, ,2018-09-17 15:49:09 +0000
427,1557 Cape Coral Parkway,NULL, ,293,46875, ,2018-09-17 15:49:10 +0000
428,1727 Matamoros Place,NULL, ,465,78813, ,2018-09-17 15:49:11 +0000
429,1269 Botosani Manor,NULL, ,468,47394, ,2018-09-17 15:49:12 +0000
430,355 Vitria de Santo Anto Way,NULL, ,452,81758, ,2018-09-17 15:49:13 +0000
431,1596 Acua Parkway,NULL, ,418,70425, ,2018-09-17 15:49:14 +0000
432,259 Ipoh Drive,NULL, ,189,64964, ,2018-09-17 15:49:15 +0000
433,1823 Hoshiarpur Lane,NULL, ,510,33191, ,2018-09-17 15:49:16 +0000
434,1404 Taguig Drive,NULL, ,547,87212, ,2018-09-17 15:49:16 +0000
435,740 Udaipur Lane,NULL, ,150,33505, ,2018-09-17 15:49:17 +0000
436,287 Cuautla Boulevard,NULL, ,501,72736, ,2018-09-17 15:49:18 +0000
437,1766 Almirante Brown Street,NULL, ,364,63104, ,2018-09-17 15:49:19 +0000
438,596 Huixquilucan Place,NULL, ,351,65892, ,2018-09-17 15:49:20 +0000
439,1351 Aparecida de Goinia Parkway,NULL, ,391,41775, ,2018-09-17 15:49:21 +0000
440,722 Bradford Lane,NULL, ,249,90920, ,2018-09-17 15:49:22 +0000
441,983 Santa F Way,NULL, ,565,47472, ,2018-09-17 15:49:23 +0000
442,1245 Ibirit Way,NULL, ,290,40926, ,2018-09-17 15:49:23 +0000
443,1836 Korla Parkway,NULL, ,272,55405, ,2018-09-17 15:49:24 +0000
444,231 Kaliningrad Place,NULL, ,70,57833, ,2018-09-17 15:49:25 +0000
445,495 Bhimavaram Lane,NULL, ,144,3, ,2018-09-17 15:49:26 +0000
446,1924 Shimonoseki Drive,NULL, ,59,52625, ,2018-09-17 15:49:27 +0000
447,105 Dzerzinsk Manor,NULL, ,540,48570, ,2018-09-17 15:49:28 +0000
448,614 Denizli Parkway,NULL, ,486,29444, ,2018-09-17 15:49:29 +0000
449,1289 Belm Boulevard,NULL, ,530,88306, ,2018-09-17 15:49:30 +0000
450,203 Tambaram Street,NULL, ,161,73942, ,2018-09-17 15:49:30 +0000
451,1704 Tambaram Manor,NULL, ,554,2834, ,2018-09-17 15:49:31 +0000
452,207 Cuernavaca Loop,NULL, ,352,52671, ,2018-09-17 15:49:32 +0000
453,319 Springs Loop,NULL, ,160,99552, ,2018-09-17 15:49:33 +0000
454,956 Nam Dinh Manor,NULL, ,481,21872, ,2018-09-17 15:49:34 +0000
455,1947 Paarl Way,NULL, ,509,23636, ,2018-09-17 15:49:35 +0000
456,814 Simferopol Loop,NULL, ,154,48745, ,2018-09-17 15:49:36 +0000
457,535 Ahmadnagar Manor,NULL, ,3,41136, ,2018-09-17 15:49:37 +0000
458,138 Caracas Boulevard,NULL, ,326,16790, ,2018-09-17 15:49:37 +0000
459,251 Florencia Drive,NULL, ,556,16119, ,2018-09-17 15:49:38 +0000
460,659 Gatineau Boulevard,NULL, ,153,28587, ,2018-09-17 15:49:39 +0000
461,1889 Valparai Way,NULL, ,600,75559, ,2018-09-17 15:49:40 +0000
462,1485 Bratislava Place,NULL, ,435,83183, ,2018-09-17 15:49:41 +0000
463,935 Aden Boulevard,NULL, ,532,64709, ,2018-09-17 15:49:42 +0000
464,76 Kermanshah Manor,NULL, ,423,23343, ,2018-09-17 15:49:43 +0000
465,734 Tanshui Avenue,NULL, ,170,70664, ,2018-09-17 15:49:44 +0000
466,118 Jaffna Loop,NULL, ,182,10447, ,2018-09-17 15:49:44 +0000
467,1621 Tongliao Avenue,NULL, ,558,22173, ,2018-09-17 15:49:45 +0000
468,1844 Usak Avenue,NULL, ,196,84461, ,2018-09-17 15:49:46 +0000
469,1872 Toulon Loop,NULL, ,428,7939, ,2018-09-17 15:49:47 +0000
470,1088 Ibirit Place,NULL, ,595,88502, ,2018-09-17 15:49:48 +0000
471,1322 Mosul Parkway,NULL, ,145,95400, ,2018-09-17 15:49:49 +0000
472,1447 Chatsworth Place,NULL, ,129,41545, ,2018-09-17 15:49:50 +0000
473,1257 Guadalajara Street,NULL, ,78,33599, ,2018-09-17 15:49:51 +0000
474,1469 Plock Lane,NULL, ,388,95835, ,2018-09-17 15:49:51 +0000
475,434 Ourense (Orense) Manor,NULL, ,206,14122, ,2018-09-17 15:49:52 +0000
476,270 Tambaram Parkway,NULL, ,244,9668, ,2018-09-17 15:49:53 +0000
477,1786 Salinas Place,NULL, ,359,66546, ,2018-09-17 15:49:54 +0000
478,1078 Stara Zagora Drive,NULL, ,301,69221, ,2018-09-17 15:49:55 +0000
479,1854 Okara Boulevard,NULL, ,158,42123, ,2018-09-17 15:49:56 +0000
480,421 Yaound Street,NULL, ,385,11363, ,2018-09-17 15:49:57 +0000
481,1153 Allende Way,NULL, ,179,20336, ,2018-09-17 15:49:58 +0000
482,808 Naala-Porto Parkway,NULL, ,500,41060, ,2018-09-17 15:49:59 +0000
483,632 Usolje-Sibirskoje Parkway,NULL, ,36,73085, ,2018-09-17 15:49:59 +0000
484,98 Pyongyang Boulevard,NULL, ,11,88749, ,2018-09-17 15:50:00 +0000
485,984 Novoterkassk Loop,NULL, ,180,28165, ,2018-09-17 15:50:01 +0000
486,64 Korla Street,NULL, ,347,25145, ,2018-09-17 15:50:02 +0000
487,1785 So Bernardo do Campo Street,NULL, ,125,71182, ,2018-09-17 15:50:03 +0000
488,698 Jelets Boulevard,NULL, ,142,2596, ,2018-09-17 15:50:04 +0000
489,1297 Alvorada Parkway,NULL, ,587,11839, ,2018-09-17 15:50:05 +0000
490,1909 Dayton Avenue,NULL, ,469,88513, ,2018-09-17 15:50:06 +0000
491,1789 Saint-Denis Parkway,NULL, ,4,8268, ,2018-09-17 15:50:07 +0000
492,185 Mannheim Lane,NULL, ,408,23661, ,2018-09-17 15:50:07 +0000
493,184 Mandaluyong Street,NULL, ,288,94239, ,2018-09-17 15:50:08 +0000
494,591 Sungai Petani Drive,NULL, ,376,46400, ,2018-09-17 15:50:09 +0000
495,656 Matamoros Drive,NULL, ,487,19489, ,2018-09-17 15:50:10 +0000
496,775 ostka Drive,NULL, ,337,22358, ,2018-09-17 15:50:11 +0000
497,1013 Tabuk Boulevard,NULL, ,261,96203, ,2018-09-17 15:50:12 +0000
498,319 Plock Parkway,NULL, ,504,26101, ,2018-09-17 15:50:13 +0000
499,1954 Kowloon and New Kowloon Way,NULL, ,434,63667, ,2018-09-17 15:50:14 +0000
500,362 Rajkot Lane,NULL, ,47,98030, ,2018-09-17 15:50:15 +0000
501,1060 Tandil Lane,NULL, ,432,72349, ,2018-09-17 15:50:15 +0000
502,1515 Korla Way,NULL, ,589,57197, ,2018-09-17 15:50:16 +0000
503,1416 San Juan Bautista Tuxtepec Avenue,NULL, ,444,50592, ,2018-09-17 15:50:17 +0000
504,1 Valle de Santiago Avenue,NULL, ,93,86208, ,2018-09-17 15:50:18 +0000
505,519 Brescia Parkway,NULL, ,318,69504, ,2018-09-17 15:50:19 +0000
506,414 Mandaluyong Street,NULL, ,314,16370, ,2018-09-17 15:50:20 +0000
507,1197 Sokoto Boulevard,NULL, ,478,87687, ,2018-09-17 15:50:21 +0000
508,496 Celaya Drive,NULL, ,552,90797, ,2018-09-17 15:50:22 +0000
509,786 Matsue Way,NULL, ,245,37469, ,2018-09-17 15:50:22 +0000
510,48 Maracabo Place,NULL, ,519,1570, ,2018-09-17 15:50:23 +0000
511,1152 al-Qatif Lane,NULL, ,412,44816, ,2018-09-17 15:50:24 +0000
512,1269 Ipoh Avenue,NULL, ,163,54674, ,2018-09-17 15:50:25 +0000
513,758 Korolev Parkway,NULL, ,568,75474, ,2018-09-17 15:50:26 +0000
514,1747 Rustenburg Place,NULL, ,110,51369, ,2018-09-17 15:50:27 +0000
515,886 Tonghae Place,NULL, ,259,19450, ,2018-09-17 15:50:29 +0000
516,1574 Goinia Boulevard,NULL, ,502,39529, ,2018-09-17 15:50:29 +0000
517,548 Uruapan Street,NULL, ,312,35653, ,2018-09-17 15:50:30 +0000
519,962 Tama Loop,NULL, ,583,65952, ,2018-09-17 15:50:31 +0000
520,1778 Gijn Manor,NULL, ,594,35156, ,2018-09-17 15:50:32 +0000
521,568 Dhule (Dhulia) Loop,NULL, ,127,92568, ,2018-09-17 15:50:33 +0000
522,1768 Udine Loop,NULL, ,60,32347, ,2018-09-17 15:50:34 +0000
523,608 Birgunj Parkway,NULL, ,116,400, ,2018-09-17 15:50:35 +0000
524,680 A Corua (La Corua) Manor,NULL, ,482,49806, ,2018-09-17 15:50:36 +0000
525,1949 Sanya Street,NULL, ,224,61244, ,2018-09-17 15:50:36 +0000
526,617 Klerksdorp Place,NULL, ,366,94707, ,2018-09-17 15:50:37 +0000
527,1993 0 Loop,NULL, ,588,41214, ,2018-09-17 15:50:38 +0000
528,1176 Southend-on-Sea Manor,NULL, ,458,81651, ,2018-09-17 15:50:39 +0000
529,600 Purnea (Purnia) Avenue,NULL, ,571,18043, ,2018-09-17 15:50:40 +0000
530,1003 Qinhuangdao Street,NULL, ,419,25972, ,2018-09-17 15:50:41 +0000
531,1986 Sivas Place,NULL, ,551,95775, ,2018-09-17 15:50:42 +0000
532,1427 Tabuk Place,NULL, ,101,31342, ,2018-09-17 15:50:43 +0000
533,556 Asuncin Way,NULL, ,339,35364, ,2018-09-17 15:50:43 +0000
534,486 Ondo Parkway,NULL, ,67,35202, ,2018-09-17 15:50:44 +0000
535,635 Brest Manor,NULL, ,75,40899, ,2018-09-17 15:50:45 +0000
536,166 Jinchang Street,NULL, ,165,86760, ,2018-09-17 15:50:46 +0000
537,958 Sagamihara Lane,NULL, ,287,88408, ,2018-09-17 15:50:47 +0000
538,1817 Livorno Way,NULL, ,100,79401, ,2018-09-17 15:50:48 +0000
539,1332 Gaziantep Lane,NULL, ,80,22813, ,2018-09-17 15:50:49 +0000
540,949 Allende Lane,NULL, ,24,67521, ,2018-09-17 15:50:50 +0000
541,195 Ilorin Street,NULL, ,363,49250, ,2018-09-17 15:50:50 +0000
542,193 Bhusawal Place,NULL, ,539,9750, ,2018-09-17 15:50:51 +0000
543,43 Vilnius Manor,NULL, ,42,79814, ,2018-09-17 15:50:52 +0000
544,183 Haiphong Street,NULL, ,46,69953, ,2018-09-17 15:50:53 +0000
545,163 Augusta-Richmond County Loop,NULL, ,561,33030, ,2018-09-17 15:50:54 +0000
546,191 Jos Azueta Parkway,NULL, ,436,13629, ,2018-09-17 15:50:55 +0000
547,379 Lublin Parkway,NULL, ,309,74568, ,2018-09-17 15:50:56 +0000
548,1658 Cuman Loop,NULL, ,396,51309, ,2018-09-17 15:50:57 +0000
549,454 Qinhuangdao Drive,NULL, ,68,25866, ,2018-09-17 15:50:58 +0000
550,1715 Okayama Street,NULL, ,485,55676, ,2018-09-17 15:50:58 +0000
551,182 Nukualofa Drive,NULL, ,275,15414, ,2018-09-17 15:50:59 +0000
552,390 Wroclaw Way,NULL, ,462,5753, ,2018-09-17 15:51:00 +0000
553,1421 Quilmes Lane,NULL, ,260,19151, ,2018-09-17 15:51:01 +0000
554,947 Trshavn Place,NULL, ,528,841, ,2018-09-17 15:51:02 +0000
555,1764 Jalib al-Shuyukh Parkway,NULL, ,459,77642, ,2018-09-17 15:51:03 +0000
556,346 Cam Ranh Avenue,NULL, ,599,39976, ,2018-09-17 15:51:04 +0000
557,1407 Pachuca de Soto Place,NULL, ,21,26284, ,2018-09-17 15:51:05 +0000
558,904 Clarksville Drive,NULL, ,193,52234, ,2018-09-17 15:51:05 +0000
559,1917 Kumbakonam Parkway,NULL, ,368,11892, ,2018-09-17 15:51:06 +0000
560,1447 Imus Place,NULL, ,426,12905, ,2018-09-17 15:51:07 +0000
561,1497 Fengshan Drive,NULL, ,112,63022, ,2018-09-17 15:51:08 +0000
562,869 Shikarpur Way,NULL, ,496,57380, ,2018-09-17 15:51:09 +0000
563,1059 Yuncheng Avenue,NULL, ,570,47498, ,2018-09-17 15:51:10 +0000
564,505 Madiun Boulevard,NULL, ,577,97271, ,2018-09-17 15:51:11 +0000
565,1741 Hoshiarpur Boulevard,NULL, ,79,22372, ,2018-09-17 15:51:12 +0000
566,1229 Varanasi (Benares) Manor,NULL, ,43,40195, ,2018-09-17 15:51:12 +0000
567,1894 Boa Vista Way,NULL, ,178,77464, ,2018-09-17 15:51:13 +0000
568,1342 Sharja Way,NULL, ,488,93655, ,2018-09-17 15:51:14 +0000
569,1342 Abha Boulevard,NULL, ,95,10714, ,2018-09-17 15:51:15 +0000
570,415 Pune Avenue,NULL, ,580,44274, ,2018-09-17 15:51:16 +0000
571,1746 Faaa Way,NULL, ,214,32515, ,2018-09-17 15:51:17 +0000
572,539 Hami Way,NULL, ,538,52196, ,2018-09-17 15:51:18 +0000
573,1407 Surakarta Manor,NULL, ,466,33224, ,2018-09-17 15:51:19 +0000
574,502 Mandi Bahauddin Parkway,NULL, ,55,15992, ,2018-09-17 15:51:19 +0000
575,1052 Pathankot Avenue,NULL, ,299,77397, ,2018-09-17 15:51:20 +0000
576,1351 Sousse Lane,NULL, ,341,37815, ,2018-09-17 15:51:21 +0000
577,1501 Pangkal Pinang Avenue,NULL, ,409,943, ,2018-09-17 15:51:22 +0000
578,1405 Hagonoy Avenue,NULL, ,133,86587, ,2018-09-17 15:51:23 +0000
579,521 San Juan Bautista Tuxtepec Place,NULL, ,598,95093, ,2018-09-17 15:51:24 +0000
580,923 Tangail Boulevard,NULL, ,10,33384, ,2018-09-17 15:51:25 +0000
581,186 Skikda Lane,NULL, ,131,89422, ,2018-09-17 15:51:26 +0000
582,1568 Celaya Parkway,NULL, ,168,34750, ,2018-09-17 15:51:26 +0000
583,1489 Kakamigahara Lane,NULL, ,526,98883, ,2018-09-17 15:51:27 +0000
584,1819 Alessandria Loop,NULL, ,103,53829, ,2018-09-17 15:51:28 +0000
585,1208 Tama Loop,NULL, ,344,73605, ,2018-09-17 15:51:29 +0000
586,951 Springs Lane,NULL, ,219,96115, ,2018-09-17 15:51:30 +0000
587,760 Miyakonojo Drive,NULL, ,246,64682, ,2018-09-17 15:51:31 +0000
588,966 Asuncin Way,NULL, ,212,62703, ,2018-09-17 15:51:32 +0000
589,1584 Ljubertsy Lane,NULL, ,494,22954, ,2018-09-17 15:51:33 +0000
590,247 Jining Parkway,NULL, ,54,53446, ,2018-09-17 15:51:34 +0000
591,773 Dallas Manor,NULL, ,424,12664, ,2018-09-17 15:51:35 +0000
592,1923 Stara Zagora Lane,NULL, ,546,95179, ,2018-09-17 15:51:35 +0000
593,1402 Zanzibar Boulevard,NULL, ,106,71102, ,2018-09-17 15:51:36 +0000
594,1464 Kursk Parkway,NULL, ,574,17381, ,2018-09-17 15:51:37 +0000
595,1074 Sanaa Parkway,NULL, ,311,22474, ,2018-09-17 15:51:38 +0000
596,1759 Niznekamsk Avenue,NULL, ,14,39414, ,2018-09-17 15:51:39 +0000
597,32 Liaocheng Way,NULL, ,248,1944, ,2018-09-17 15:51:40 +0000
598,42 Fontana Avenue,NULL, ,512,14684, ,2018-09-17 15:51:41 +0000
599,1895 Zhezqazghan Drive,NULL, ,177,36693, ,2018-09-17 15:51:42 +0000
600,1837 Kaduna Parkway,NULL, ,241,82580, ,2018-09-17 15:51:42 +0000
601,844 Bucuresti Place,NULL, ,242,36603, ,2018-09-17 15:51:43 +0000
602,1101 Bucuresti Boulevard,NULL, ,401,97661, ,2018-09-17 15:51:44 +0000
603,1103 Quilmes Boulevard,NULL, ,503,52137, ,2018-09-17 15:51:45 +0000
604,1331 Usak Boulevard,NULL, ,296,61960, ,2018-09-17 15:51:46 +0000
605,1325 Fukuyama Street,NULL, ,537,27107, ,2018-09-17 15:51:47 +0000
143,1029 Dzerzinsk Manor,NULL, ,542,57519, ,2018-09-17 15:44:59 +0000
144,1666 Beni-Mellal Place,NULL, ,123,13377, ,2018-09-17 15:45:00 +0000
145,928 Jaffna Loop,NULL, ,172,93762, ,2018-09-17 15:45:01 +0000
146,483 Ljubertsy Parkway,NULL, ,149,60562, ,2018-09-17 15:45:02 +0000
147,374 Bat Yam Boulevard,NULL, ,266,97700, ,2018-09-17 15:45:03 +0000
148,1027 Songkhla Manor,NULL, ,340,30861, ,2018-09-17 15:45:04 +0000
149,999 Sanaa Loop,NULL, ,491,3439, ,2018-09-17 15:45:05 +0000
150,879 Newcastle Way,NULL, ,499,90732, ,2018-09-17 15:45:05 +0000
151,1337 Lincoln Parkway,NULL, ,555,99457, ,2018-09-17 15:45:06 +0000
152,1952 Pune Lane,NULL, ,442,92150, ,2018-09-17 15:45:07 +0000
153,782 Mosul Street,NULL, ,94,25545, ,2018-09-17 15:45:08 +0000
154,781 Shimonoseki Drive,NULL, ,202,95444, ,2018-09-17 15:45:09 +0000
155,1560 Jelets Boulevard,NULL, ,291,77777, ,2018-09-17 15:45:10 +0000
156,1963 Moscow Place,NULL, ,354,64863, ,2018-09-17 15:45:11 +0000
157,456 Escobar Way,NULL, ,232,36061, ,2018-09-17 15:45:12 +0000
158,798 Cianjur Avenue,NULL, ,590,76990, ,2018-09-17 15:45:12 +0000
159,185 Novi Sad Place,NULL, ,72,41778, ,2018-09-17 15:45:13 +0000
160,1367 Yantai Manor,NULL, ,381,21294, ,2018-09-17 15:45:14 +0000
161,1386 Nakhon Sawan Boulevard,NULL, ,420,53502, ,2018-09-17 15:45:15 +0000
162,369 Papeete Way,NULL, ,187,66639, ,2018-09-17 15:45:16 +0000
163,1440 Compton Place,NULL, ,307,81037, ,2018-09-17 15:45:17 +0000
164,1623 Baha Blanca Manor,NULL, ,310,81511, ,2018-09-17 15:45:18 +0000
165,97 Shimoga Avenue,NULL, ,533,44660, ,2018-09-17 15:45:19 +0000
166,1740 Le Mans Loop,NULL, ,297,22853, ,2018-09-17 15:45:19 +0000
167,1287 Xiangfan Boulevard,NULL, ,253,57844, ,2018-09-17 15:45:20 +0000
168,842 Salzburg Lane,NULL, ,529,3313, ,2018-09-17 15:45:21 +0000
169,154 Tallahassee Loop,NULL, ,199,62250, ,2018-09-17 15:45:22 +0000
170,710 San Felipe del Progreso Avenue,NULL, ,304,76901, ,2018-09-17 15:45:23 +0000
171,1540 Wroclaw Drive,NULL, ,107,62686, ,2018-09-17 15:45:24 +0000
172,475 Atinsk Way,NULL, ,240,59571, ,2018-09-17 15:45:25 +0000
173,1294 Firozabad Drive,NULL, ,407,70618, ,2018-09-17 15:45:26 +0000
174,1877 Ezhou Lane,NULL, ,550,63337, ,2018-09-17 15:45:26 +0000
175,316 Uruapan Street,NULL, ,223,58194, ,2018-09-17 15:45:27 +0000
176,29 Pyongyang Loop,NULL, ,58,47753, ,2018-09-17 15:45:28 +0000
177,1010 Klerksdorp Way,NULL, ,186,6802, ,2018-09-17 15:45:29 +0000
178,1848 Salala Boulevard,NULL, ,373,25220, ,2018-09-17 15:45:30 +0000
179,431 Xiangtan Avenue,NULL, ,18,4854, ,2018-09-17 15:45:31 +0000
180,757 Rustenburg Avenue,NULL, ,483,89668, ,2018-09-17 15:45:32 +0000
181,146 Johannesburg Way,NULL, ,330,54132, ,2018-09-17 15:45:33 +0000
182,1891 Rizhao Boulevard,NULL, ,456,47288, ,2018-09-17 15:45:33 +0000
183,1089 Iwatsuki Avenue,NULL, ,270,35109, ,2018-09-17 15:45:34 +0000
184,1410 Benin City Parkway,NULL, ,405,29747, ,2018-09-17 15:45:35 +0000
185,682 Garden Grove Place,NULL, ,333,67497, ,2018-09-17 15:45:36 +0000
186,533 al-Ayn Boulevard,NULL, ,126,8862, ,2018-09-17 15:45:37 +0000
187,1839 Szkesfehrvr Parkway,NULL, ,317,55709, ,2018-09-17 15:45:38 +0000
188,741 Ambattur Manor,NULL, ,438,43310, ,2018-09-17 15:45:39 +0000
189,927 Barcelona Street,NULL, ,467,65121, ,2018-09-17 15:45:40 +0000
190,435 0 Way,NULL, ,195,74750, ,2018-09-17 15:45:40 +0000
191,140 Chiayi Parkway,NULL, ,506,38982, ,2018-09-17 15:45:41 +0000
192,1166 Changhwa Street,NULL, ,62,58852, ,2018-09-17 15:45:42 +0000
193,891 Novi Sad Manor,NULL, ,383,5379, ,2018-09-17 15:45:43 +0000
194,605 Rio Claro Parkway,NULL, ,513,49348, ,2018-09-17 15:45:44 +0000
195,1077 San Felipe de Puerto Plata Place,NULL, ,369,65387, ,2018-09-17 15:45:45 +0000
196,9 San Miguel de Tucumn Manor,NULL, ,169,90845, ,2018-09-17 15:45:46 +0000
197,447 Surakarta Loop,NULL, ,271,10428, ,2018-09-17 15:45:47 +0000
198,345 Oshawa Boulevard,NULL, ,204,32114, ,2018-09-17 15:45:47 +0000
199,1792 Valle de la Pascua Place,NULL, ,477,15540, ,2018-09-17 15:45:48 +0000
200,1074 Binzhou Manor,NULL, ,325,36490, ,2018-09-17 15:45:49 +0000
201,817 Bradford Loop,NULL, ,109,89459, ,2018-09-17 15:45:50 +0000
202,955 Bamenda Way,NULL, ,218,1545, ,2018-09-17 15:45:51 +0000
203,1149 A Corua (La Corua) Boulevard,NULL, ,194,95824, ,2018-09-17 15:45:52 +0000
204,387 Mwene-Ditu Drive,NULL, ,35,8073, ,2018-09-17 15:45:53 +0000
205,68 Molodetno Manor,NULL, ,575,4662, ,2018-09-17 15:45:54 +0000
206,642 Nador Drive,NULL, ,77,3924, ,2018-09-17 15:45:55 +0000
207,1688 Nador Lane,NULL, ,184,61613, ,2018-09-17 15:45:55 +0000
208,1215 Pyongyang Parkway,NULL, ,557,25238, ,2018-09-17 15:45:56 +0000
209,1679 Antofagasta Street,NULL, ,122,86599, ,2018-09-17 15:45:57 +0000
210,1304 s-Hertogenbosch Way,NULL, ,83,10925, ,2018-09-17 15:45:58 +0000
211,850 Salala Loop,NULL, ,371,10800, ,2018-09-17 15:45:59 +0000
212,624 Oshawa Boulevard,NULL, ,51,89959, ,2018-09-17 15:46:00 +0000
213,43 Dadu Avenue,NULL, ,74,4855, ,2018-09-17 15:46:01 +0000
214,751 Lima Loop,NULL, ,7,99405, ,2018-09-17 15:46:02 +0000
215,1333 Haldia Street,NULL, ,174,82161, ,2018-09-17 15:46:02 +0000
216,660 Jedda Boulevard,NULL, ,65,25053, ,2018-09-17 15:46:03 +0000
217,1001 Miyakonojo Lane,NULL, ,518,67924, ,2018-09-17 15:46:04 +0000
218,226 Brest Manor,NULL, ,508,2299, ,2018-09-17 15:46:05 +0000
219,1229 Valencia Parkway,NULL, ,498,99124, ,2018-09-17 15:46:06 +0000
220,1201 Qomsheh Manor,NULL, ,28,21464, ,2018-09-17 15:46:07 +0000
221,866 Shivapuri Manor,NULL, ,448,22474, ,2018-09-17 15:46:08 +0000
222,1168 Najafabad Parkway,NULL, ,251,40301, ,2018-09-17 15:46:09 +0000
223,1244 Allappuzha (Alleppey) Place,NULL, ,567,20657, ,2018-09-17 15:46:09 +0000
224,1842 Luzinia Boulevard,NULL, ,593,94420, ,2018-09-17 15:46:10 +0000
225,1926 Gingoog Street,NULL, ,511,22824, ,2018-09-17 15:46:11 +0000
226,810 Palghat (Palakkad) Boulevard,NULL, ,235,73431, ,2018-09-17 15:46:12 +0000
227,1820 Maring Parkway,NULL, ,324,88307, ,2018-09-17 15:46:13 +0000
228,60 Poos de Caldas Street,NULL, ,243,82338, ,2018-09-17 15:46:14 +0000
229,1014 Loja Manor,NULL, ,22,66851, ,2018-09-17 15:46:15 +0000
230,201 Effon-Alaiye Way,NULL, ,37,64344, ,2018-09-17 15:46:16 +0000
231,430 Alessandria Loop,NULL, ,439,47446, ,2018-09-17 15:46:16 +0000
232,754 Valencia Place,NULL, ,406,87911, ,2018-09-17 15:46:17 +0000
233,356 Olomouc Manor,NULL, ,26,93323, ,2018-09-17 15:46:18 +0000
234,1256 Bislig Boulevard,NULL, ,86,50598, ,2018-09-17 15:46:19 +0000
235,954 Kimchon Place,NULL, ,559,42420, ,2018-09-17 15:46:20 +0000
236,885 Yingkou Manor,NULL, ,596,31390, ,2018-09-17 15:46:21 +0000
237,1736 Cavite Place,NULL, ,216,98775, ,2018-09-17 15:46:22 +0000
238,346 Skikda Parkway,NULL, ,233,90628, ,2018-09-17 15:46:23 +0000
239,98 Stara Zagora Boulevard,NULL, ,96,76448, ,2018-09-17 15:46:23 +0000
240,1479 Rustenburg Boulevard,NULL, ,527,18727, ,2018-09-17 15:46:24 +0000
241,647 A Corua (La Corua) Street,NULL, ,357,36971, ,2018-09-17 15:46:25 +0000
242,1964 Gijn Manor,NULL, ,473,14408, ,2018-09-17 15:46:26 +0000
243,47 Syktyvkar Lane,NULL, ,118,22236, ,2018-09-17 15:46:27 +0000
244,1148 Saarbrcken Parkway,NULL, ,226,1921, ,2018-09-17 15:46:28 +0000
245,1103 Bilbays Parkway,NULL, ,578,87660, ,2018-09-17 15:46:29 +0000
246,1246 Boksburg Parkway,NULL, ,422,28349, ,2018-09-17 15:46:30 +0000
247,1483 Pathankot Street,NULL, ,454,37288, ,2018-09-17 15:46:31 +0000
248,582 Papeete Loop,NULL, ,294,27722, ,2018-09-17 15:46:31 +0000
249,300 Junan Street,NULL, ,553,81314, ,2018-09-17 15:46:32 +0000
250,829 Grand Prairie Way,NULL, ,328,6461, ,2018-09-17 15:46:33 +0000
251,1473 Changhwa Parkway,NULL, ,124,75933, ,2018-09-17 15:46:34 +0000
252,1309 Weifang Street,NULL, ,520,57338, ,2018-09-17 15:46:35 +0000
253,1760 Oshawa Manor,NULL, ,535,38140, ,2018-09-17 15:46:36 +0000
254,786 Stara Zagora Way,NULL, ,390,98332, ,2018-09-17 15:46:37 +0000
255,1966 Tonghae Street,NULL, ,198,36481, ,2018-09-17 15:46:38 +0000
256,1497 Yuzhou Drive,NULL, ,312,3433, ,2018-09-17 15:46:38 +0000
258,752 Ondo Loop,NULL, ,338,32474, ,2018-09-17 15:46:39 +0000
259,1338 Zalantun Lane,NULL, ,413,45403, ,2018-09-17 15:46:40 +0000
260,127 Iwakuni Boulevard,NULL, ,192,20777, ,2018-09-17 15:46:41 +0000
261,51 Laredo Avenue,NULL, ,342,68146, ,2018-09-17 15:46:42 +0000
262,771 Yaound Manor,NULL, ,64,86768, ,2018-09-17 15:46:43 +0000
263,532 Toulon Street,NULL, ,460,69517, ,2018-09-17 15:46:44 +0000
264,1027 Banjul Place,NULL, ,197,50390, ,2018-09-17 15:46:45 +0000
265,1158 Mandi Bahauddin Parkway,NULL, ,136,98484, ,2018-09-17 15:46:46 +0000
266,862 Xintai Lane,NULL, ,548,30065, ,2018-09-17 15:46:47 +0000
267,816 Cayenne Parkway,NULL, ,414,93629, ,2018-09-17 15:46:48 +0000
268,1831 Nam Dinh Loop,NULL, ,323,51990, ,2018-09-17 15:46:51 +0000
269,446 Kirovo-Tepetsk Lane,NULL, ,203,19428, ,2018-09-17 15:46:51 +0000
270,682 Halisahar Place,NULL, ,378,20536, ,2018-09-17 15:46:52 +0000
271,1587 Loja Manor,NULL, ,447,5410, ,2018-09-17 15:46:53 +0000
272,1762 Paarl Parkway,NULL, ,298,53928, ,2018-09-17 15:46:54 +0000
273,1519 Ilorin Place,NULL, ,395,49298, ,2018-09-17 15:46:55 +0000
274,920 Kumbakonam Loop,NULL, ,446,75090, ,2018-09-17 15:46:56 +0000
275,906 Goinia Way,NULL, ,255,83565, ,2018-09-17 15:46:57 +0000
276,1675 Xiangfan Manor,NULL, ,283,11763, ,2018-09-17 15:46:58 +0000
277,85 San Felipe de Puerto Plata Drive,NULL, ,584,46063, ,2018-09-17 15:46:58 +0000
278,144 South Hill Loop,NULL, ,445,2012, ,2018-09-17 15:46:59 +0000
279,1884 Shikarpur Avenue,NULL, ,263,85548, ,2018-09-17 15:47:00 +0000
280,1980 Kamjanets-Podilskyi Street,NULL, ,404,89502, ,2018-09-17 15:47:01 +0000
281,1944 Bamenda Way,NULL, ,573,24645, ,2018-09-17 15:47:02 +0000
